<?xml version="1.0"?>
<Runs Version="1" Minor="0">
	<Run Id="pipetest_frontpanel_0_2_synth_1" LaunchDir="C:/Users/Longyi-Li/1206/frontpanel_0_ex/frontpanel_0_ex.runs/pipetest_frontpanel_0_2_synth_1" FlowId="Vivado_Synthesis" FromStepId="vivado" ToStepId="vivado"/>
	<Run Id="pipetest_fifo_generator_0_3_synth_1" LaunchDir="C:/Users/Longyi-Li/1206/frontpanel_0_ex/frontpanel_0_ex.runs/pipetest_fifo_generator_0_3_synth_1" FlowId="Vivado_Synthesis" FromStepId="vivado" ToStepId="vivado"/>
	<Run Id="pipetest_fifo_generator_0_2_synth_1" LaunchDir="C:/Users/Longyi-Li/1206/frontpanel_0_ex/frontpanel_0_ex.runs/pipetest_fifo_generator_0_2_synth_1" FlowId="Vivado_Synthesis" FromStepId="vivado" ToStepId="vivado" IsOrderedIPRun="true">
		<Parent Id="pipetest_fifo_generator_0_3_synth_1"/>
	</Run>
	<Run Id="pipetest_fifo_generator_1_0_synth_1" LaunchDir="C:/Users/Longyi-Li/1206/frontpanel_0_ex/frontpanel_0_ex.runs/pipetest_fifo_generator_1_0_synth_1" FlowId="Vivado_Synthesis" FromStepId="vivado" ToStepId="vivado" IsOrderedIPRun="true">
		<Parent Id="pipetest_fifo_generator_0_3_synth_1"/>
	</Run>
	<Run Id="pipetest_sipo_array_3_0_0_synth_1" LaunchDir="C:/Users/Longyi-Li/1206/frontpanel_0_ex/frontpanel_0_ex.runs/pipetest_sipo_array_3_0_0_synth_1" FlowId="Vivado_Synthesis" FromStepId="vivado" ToStepId="vivado"/>
	<Run Id="synth_1" LaunchDir="C:/Users/Longyi-Li/1206/frontpanel_0_ex/frontpanel_0_ex.runs/synth_1" FlowId="Vivado_Synthesis" FromStepId="vivado" ToStepId="vivado">
		<Parent Id="pipetest_frontpanel_0_2_synth_1"/>
		<Parent Id="pipetest_fifo_generator_0_3_synth_1"/>
		<Parent Id="pipetest_fifo_generator_0_2_synth_1"/>
		<Parent Id="pipetest_fifo_generator_1_0_synth_1"/>
		<Parent Id="pipetest_sipo_array_3_0_0_synth_1"/>
	</Run>
	<Parameters>
		<Parameter Name="runs.monitorLSFJobs" Val="true" Type="bool"/>
		<Parameter Name="runs.enableClusterConf" Val="true" Type="bool"/>
	</Parameters>
</Runs>

