<?xml version="1.0"?>
<Runs Version="1" Minor="0">
	<Run Id="pipetest_pipe_in_check_0_synth_1" LaunchDir="c:/Users/Longyi-Li/1206/frontpanel_0_ex/frontpanel_0_ex.runs/pipetest_pipe_in_check_0_synth_1" FlowId="Vivado_Synthesis" FromStepId="vivado" ToStepId="vivado"/>
	<Run Id="synth_1" LaunchDir="c:/Users/Longyi-Li/1206/frontpanel_0_ex/frontpanel_0_ex.runs/synth_1" FlowId="Vivado_Synthesis" FromStepId="vivado" ToStepId="vivado">
		<Parent Id="pipetest_pipe_in_check_0_synth_1"/>
	</Run>
	<Run Id="impl_1" LaunchDir="c:/Users/Longyi-Li/1206/frontpanel_0_ex/frontpanel_0_ex.runs/impl_1" FlowId="Vivado_Implementation" FromStepId="init_design" ToStepId="route_design">
		<Parent Id="synth_1"/>
		<Parent Id="pipetest_pipe_in_check_0_synth_1"/>
	</Run>
	<Parameters>
		<Parameter Name="runs.monitorLSFJobs" Val="true" Type="bool"/>
		<Parameter Name="runs.enableClusterConf" Val="true" Type="bool"/>
	</Parameters>
</Runs>

