<?xml version="1.0" encoding="UTF-8"?>
<GenRun Id="pipetest_frontpanel_0_2_synth_1" LaunchPart="xc7a75tfgg484-1" LaunchTime="1670355721">
  <File Type="PA-TCL" Name="pipetest_frontpanel_0_2.tcl"/>
  <File Type="REPORTS-TCL" Name="pipetest_frontpanel_0_2_reports.tcl"/>
  <File Type="RDS-RDS" Name="pipetest_frontpanel_0_2.vds"/>
  <File Type="RDS-UTIL" Name="pipetest_frontpanel_0_2_utilization_synth.rpt"/>
  <File Type="RDS-UTIL-PB" Name="pipetest_frontpanel_0_2_utilization_synth.pb"/>
  <File Type="RDS-DCP" Name="pipetest_frontpanel_0_2.dcp"/>
  <FileSet Name="sources" Type="BlockSrcs" RelSrcDir="$PSRCDIR/pipetest_frontpanel_0_2">
    <File Path="$PSRCDIR/sources_1/bd/pipetest/ip/pipetest_frontpanel_0_2/pipetest_frontpanel_0_2.xci">
      <FileInfo>
        <Attr Name="UsedIn" Val="synthesis"/>
        <Attr Name="UsedIn" Val="implementation"/>
        <Attr Name="UsedIn" Val="simulation"/>
      </FileInfo>
    </File>
    <Config>
      <Option Name="TopModule" Val="pipetest_frontpanel_0_2"/>
      <Option Name="UseBlackboxStub" Val="1"/>
    </Config>
  </FileSet>
  <FileSet Name="constrs_in" Type="BlockSrcs" RelSrcDir="$PSRCDIR/pipetest_frontpanel_0_2">
    <File Path="$PSRCDIR/sources_1/bd/pipetest/ip/pipetest_frontpanel_0_2/pipetest_frontpanel_0_2.xci">
      <FileInfo>
        <Attr Name="UsedIn" Val="synthesis"/>
        <Attr Name="UsedIn" Val="implementation"/>
        <Attr Name="UsedIn" Val="simulation"/>
      </FileInfo>
    </File>
    <Config>
      <Option Name="TopModule" Val="pipetest_frontpanel_0_2"/>
      <Option Name="UseBlackboxStub" Val="1"/>
    </Config>
  </FileSet>
  <FileSet Name="utils" Type="Utils" RelSrcDir="$PSRCDIR/utils_1">
    <Filter Type="Utils"/>
    <Config>
      <Option Name="TopAutoSet" Val="TRUE"/>
    </Config>
  </FileSet>
  <Strategy Version="1" Minor="2">
    <StratHandle Name="Vivado Synthesis Defaults" Flow="Vivado Synthesis 2020"/>
    <Step Id="synth_design"/>
  </Strategy>
</GenRun>
