<?xml version="1.0" encoding="UTF-8"?>
<spirit:abstractionDefinition xmlns:xilinx="http://www.xilinx.com" xmlns:spirit="http://www.spiritconsortium.org/XMLSchema/SPIRIT/1685-2009" xmlns:xsi="http://www.w3.org/2001/XMLSchema-instance">
  <spirit:vendor>opalkelly.com</spirit:vendor>
  <spirit:library>interface</spirit:library>
  <spirit:name>register_bridge_rtl</spirit:name>
  <spirit:version>1.0</spirit:version>
  <spirit:busType spirit:vendor="opalkelly.com" spirit:library="interface" spirit:name="register_bridge" spirit:version="1.0"/>
  <spirit:ports>
    <spirit:port>
      <spirit:logicalName>EP_WRITE</spirit:logicalName>
      <spirit:description>Asserted during a write cycle</spirit:description>
      <spirit:wire>
        <spirit:qualifier>
          <spirit:isData>true</spirit:isData>
        </spirit:qualifier>
        <spirit:onMaster>
          <spirit:presence>required</spirit:presence>
          <spirit:width>1</spirit:width>
        </spirit:onMaster>
        <spirit:onSlave>
          <spirit:presence>required</spirit:presence>
          <spirit:width>1</spirit:width>
          <spirit:direction>in</spirit:direction>
        </spirit:onSlave>
        <spirit:defaultValue>0</spirit:defaultValue>
      </spirit:wire>
    </spirit:port>
    <spirit:port>
      <spirit:logicalName>EP_READ</spirit:logicalName>
      <spirit:description>Asserted during a read cycle</spirit:description>
      <spirit:wire>
        <spirit:qualifier>
          <spirit:isData>true</spirit:isData>
        </spirit:qualifier>
        <spirit:onMaster>
          <spirit:presence>required</spirit:presence>
          <spirit:width>1</spirit:width>
        </spirit:onMaster>
        <spirit:onSlave>
          <spirit:presence>required</spirit:presence>
          <spirit:width>1</spirit:width>
          <spirit:direction>in</spirit:direction>
        </spirit:onSlave>
        <spirit:defaultValue>0</spirit:defaultValue>
      </spirit:wire>
    </spirit:port>
    <spirit:port>
      <spirit:logicalName>EP_ADDRESS</spirit:logicalName>
      <spirit:description>Driven with the requested address during read and write cycles</spirit:description>
      <spirit:wire>
        <spirit:qualifier>
          <spirit:isAddress>true</spirit:isAddress>
        </spirit:qualifier>
        <spirit:onMaster>
          <spirit:presence>required</spirit:presence>
          <spirit:width>32</spirit:width>
        </spirit:onMaster>
        <spirit:onSlave>
          <spirit:presence>required</spirit:presence>
          <spirit:width>32</spirit:width>
          <spirit:direction>in</spirit:direction>
        </spirit:onSlave>
        <spirit:defaultValue>0</spirit:defaultValue>
      </spirit:wire>
    </spirit:port>
    <spirit:port>
      <spirit:logicalName>EP_DATAOUT</spirit:logicalName>
      <spirit:description>Driven with valid data during a write cycle</spirit:description>
      <spirit:wire>
        <spirit:qualifier>
          <spirit:isData>true</spirit:isData>
        </spirit:qualifier>
        <spirit:onMaster>
          <spirit:presence>required</spirit:presence>
          <spirit:width>32</spirit:width>
        </spirit:onMaster>
        <spirit:onSlave>
          <spirit:presence>required</spirit:presence>
          <spirit:width>32</spirit:width>
          <spirit:direction>in</spirit:direction>
        </spirit:onSlave>
        <spirit:defaultValue>0</spirit:defaultValue>
      </spirit:wire>
    </spirit:port>
    <spirit:port>
      <spirit:logicalName>EP_DATAIN</spirit:logicalName>
      <spirit:description>This value is captured in the cycle following a read cycle</spirit:description>
      <spirit:wire>
        <spirit:qualifier>
          <spirit:isData>true</spirit:isData>
        </spirit:qualifier>
        <spirit:onMaster>
          <spirit:presence>required</spirit:presence>
          <spirit:width>32</spirit:width>
          <spirit:direction>in</spirit:direction>
        </spirit:onMaster>
        <spirit:onSlave>
          <spirit:presence>required</spirit:presence>
          <spirit:width>32</spirit:width>
        </spirit:onSlave>
        <spirit:defaultValue>0</spirit:defaultValue>
      </spirit:wire>
    </spirit:port>
  </spirit:ports>
  <spirit:vendorExtensions>
    <xilinx:abstractionDefinitionInfo>
      <xilinx:displayName>register_bridge</xilinx:displayName>
    </xilinx:abstractionDefinitionInfo>
  </spirit:vendorExtensions>
</spirit:abstractionDefinition>
