<?xml version="1.0" encoding="UTF-8"?>
<GenRun Id="impl_1" LaunchPart="xc7a75tfgg484-1" LaunchTime="1670372386">
  <File Type="BITSTR-BMM" Name="pipetest_wrapper_bd.bmm"/>
  <File Type="OPT-METHODOLOGY-DRC" Name="pipetest_wrapper_methodology_drc_opted.rpt"/>
  <File Type="INIT-TIMING" Name="pipetest_wrapper_timing_summary_init.rpt"/>
  <File Type="ROUTE-PWR" Name="pipetest_wrapper_power_routed.rpt"/>
  <File Type="PA-TCL" Name="pipetest_wrapper.tcl"/>
  <File Type="OPT-TIMING" Name="pipetest_wrapper_timing_summary_opted.rpt"/>
  <File Type="OPT-DCP" Name="pipetest_wrapper_opt.dcp"/>
  <File Type="ROUTE-PWR-SUM" Name="pipetest_wrapper_power_summary_routed.pb"/>
  <File Type="REPORTS-TCL" Name="pipetest_wrapper_reports.tcl"/>
  <File Type="OPT-DRC" Name="pipetest_wrapper_drc_opted.rpt"/>
  <File Type="OPT-HWDEF" Name="pipetest_wrapper.hwdef"/>
  <File Type="PWROPT-DCP" Name="pipetest_wrapper_pwropt.dcp"/>
  <File Type="PWROPT-DRC" Name="pipetest_wrapper_drc_pwropted.rpt"/>
  <File Type="PWROPT-TIMING" Name="pipetest_wrapper_timing_summary_pwropted.rpt"/>
  <File Type="PLACE-DCP" Name="pipetest_wrapper_placed.dcp"/>
  <File Type="PLACE-IO" Name="pipetest_wrapper_io_placed.rpt"/>
  <File Type="PLACE-CLK" Name="pipetest_wrapper_clock_utilization_placed.rpt"/>
  <File Type="PLACE-UTIL" Name="pipetest_wrapper_utilization_placed.rpt"/>
  <File Type="PLACE-UTIL-PB" Name="pipetest_wrapper_utilization_placed.pb"/>
  <File Type="PLACE-CTRL" Name="pipetest_wrapper_control_sets_placed.rpt"/>
  <File Type="PLACE-SIMILARITY" Name="pipetest_wrapper_incremental_reuse_placed.rpt"/>
  <File Type="PLACE-PRE-SIMILARITY" Name="pipetest_wrapper_incremental_reuse_pre_placed.rpt"/>
  <File Type="PLACE-TIMING" Name="pipetest_wrapper_timing_summary_placed.rpt"/>
  <File Type="POSTPLACE-PWROPT-DCP" Name="pipetest_wrapper_postplace_pwropt.dcp"/>
  <File Type="BG-BIN" Name="pipetest_wrapper.bin"/>
  <File Type="POSTPLACE-PWROPT-TIMING" Name="pipetest_wrapper_timing_summary_postplace_pwropted.rpt"/>
  <File Type="PHYSOPT-DCP" Name="pipetest_wrapper_physopt.dcp"/>
  <File Type="PHYSOPT-DRC" Name="pipetest_wrapper_drc_physopted.rpt"/>
  <File Type="BITSTR-MSK" Name="pipetest_wrapper.msk"/>
  <File Type="PHYSOPT-TIMING" Name="pipetest_wrapper_timing_summary_physopted.rpt"/>
  <File Type="ROUTE-ERROR-DCP" Name="pipetest_wrapper_routed_error.dcp"/>
  <File Type="ROUTE-DCP" Name="pipetest_wrapper_routed.dcp"/>
  <File Type="ROUTE-BLACKBOX-DCP" Name="pipetest_wrapper_routed_bb.dcp"/>
  <File Type="ROUTE-DRC" Name="pipetest_wrapper_drc_routed.rpt"/>
  <File Type="ROUTE-DRC-PB" Name="pipetest_wrapper_drc_routed.pb"/>
  <File Type="ROUTE-DRC-RPX" Name="pipetest_wrapper_drc_routed.rpx"/>
  <File Type="BITSTR-MMI" Name="pipetest_wrapper.mmi"/>
  <File Type="ROUTE-METHODOLOGY-DRC" Name="pipetest_wrapper_methodology_drc_routed.rpt"/>
  <File Type="ROUTE-METHODOLOGY-DRC-RPX" Name="pipetest_wrapper_methodology_drc_routed.rpx"/>
  <File Type="ROUTE-METHODOLOGY-DRC-PB" Name="pipetest_wrapper_methodology_drc_routed.pb"/>
  <File Type="ROUTE-PWR-RPX" Name="pipetest_wrapper_power_routed.rpx"/>
  <File Type="ROUTE-STATUS" Name="pipetest_wrapper_route_status.rpt"/>
  <File Type="ROUTE-STATUS-PB" Name="pipetest_wrapper_route_status.pb"/>
  <File Type="ROUTE-TIMINGSUMMARY" Name="pipetest_wrapper_timing_summary_routed.rpt"/>
  <File Type="ROUTE-TIMING-PB" Name="pipetest_wrapper_timing_summary_routed.pb"/>
  <File Type="ROUTE-TIMING-RPX" Name="pipetest_wrapper_timing_summary_routed.rpx"/>
  <File Type="ROUTE-SIMILARITY" Name="pipetest_wrapper_incremental_reuse_routed.rpt"/>
  <File Type="ROUTE-CLK" Name="pipetest_wrapper_clock_utilization_routed.rpt"/>
  <File Type="ROUTE-BUS-SKEW" Name="pipetest_wrapper_bus_skew_routed.rpt"/>
  <File Type="ROUTE-BUS-SKEW-PB" Name="pipetest_wrapper_bus_skew_routed.pb"/>
  <File Type="ROUTE-BUS-SKEW-RPX" Name="pipetest_wrapper_bus_skew_routed.rpx"/>
  <File Type="POSTROUTE-PHYSOPT-DCP" Name="pipetest_wrapper_postroute_physopt.dcp"/>
  <File Type="POSTROUTE-PHYSOPT-BLACKBOX-DCP" Name="pipetest_wrapper_postroute_physopt_bb.dcp"/>
  <File Type="POSTROUTE-PHYSOPT-TIMING" Name="pipetest_wrapper_timing_summary_postroute_physopted.rpt"/>
  <File Type="POSTROUTE-PHYSOPT-TIMING-PB" Name="pipetest_wrapper_timing_summary_postroute_physopted.pb"/>
  <File Type="POSTROUTE-PHYSOPT-TIMING-RPX" Name="pipetest_wrapper_timing_summary_postroute_physopted.rpx"/>
  <File Type="POSTROUTE-PHYSOPT-BUS-SKEW" Name="pipetest_wrapper_bus_skew_postroute_physopted.rpt"/>
  <File Type="POSTROUTE-PHYSOPT-BUS-SKEW-PB" Name="pipetest_wrapper_bus_skew_postroute_physopted.pb"/>
  <File Type="BG-BIT" Name="pipetest_wrapper.bit"/>
  <File Type="POSTROUTE-PHYSOPT-BUS-SKEW-RPX" Name="pipetest_wrapper_bus_skew_postroute_physopted.rpx"/>
  <File Type="BITSTR-RBT" Name="pipetest_wrapper.rbt"/>
  <File Type="BITSTR-NKY" Name="pipetest_wrapper.nky"/>
  <File Type="PDI-FILE" Name="pipetest_wrapper.pdi"/>
  <File Type="RCFI_FILE" Name="pipetest_wrapper.rcfi"/>
  <File Type="CFI_FILE" Name="pipetest_wrapper.cfi"/>
  <File Type="RNPI_FILE" Name="pipetest_wrapper.rnpi"/>
  <File Type="NPI_FILE" Name="pipetest_wrapper.npi"/>
  <File Type="RBD_FILE" Name="pipetest_wrapper.rbd"/>
  <File Type="BITSTR-LTX" Name="debug_nets.ltx"/>
  <File Type="BITSTR-LTX" Name="pipetest_wrapper.ltx"/>
  <File Type="BITSTR-SYSDEF" Name="pipetest_wrapper.sysdef"/>
  <File Type="BG-BGN" Name="pipetest_wrapper.bgn"/>
  <File Type="BG-DRC" Name="pipetest_wrapper.drc"/>
  <File Type="RDI-RDI" Name="pipetest_wrapper.vdi"/>
  <File Type="WBT-USG" Name="usage_statistics_webtalk.html"/>
  <FileSet Name="sources" Type="DesignSrcs" RelSrcDir="$PSRCDIR/sources_1" RelGenDir="$PGENDIR/sources_1">
    <Filter Type="Srcs"/>
    <File Path="$PSRCDIR/sources_1/ip/fifo_generator_0_1/fifo_generator_0.xci">
      <FileInfo>
        <Attr Name="UsedIn" Val="synthesis"/>
        <Attr Name="UsedIn" Val="implementation"/>
        <Attr Name="UsedIn" Val="simulation"/>
      </FileInfo>
    </File>
    <File Path="$PPRDIR/imports/pipe_in_check.v">
      <FileInfo>
        <Attr Name="UsedIn" Val="synthesis"/>
        <Attr Name="UsedIn" Val="implementation"/>
        <Attr Name="UsedIn" Val="simulation"/>
      </FileInfo>
    </File>
    <File Path="$PSRCDIR/sources_1/bd/pipetest/pipetest.bd">
      <FileInfo>
        <Attr Name="UsedIn" Val="synthesis"/>
        <Attr Name="UsedIn" Val="implementation"/>
        <Attr Name="UsedIn" Val="simulation"/>
      </FileInfo>
    </File>
    <File Path="$PSRCDIR/sources_1/imports/hdl/pipetest_wrapper.v">
      <FileInfo>
        <Attr Name="ImportPath" Val="$PGENDIR/sources_1/bd/pipetest/hdl/pipetest_wrapper.v"/>
        <Attr Name="ImportTime" Val="1670352801"/>
        <Attr Name="UsedIn" Val="synthesis"/>
        <Attr Name="UsedIn" Val="implementation"/>
        <Attr Name="UsedIn" Val="simulation"/>
      </FileInfo>
    </File>
    <File Path="$PPRDIR/imports/PipeTest.xfp"/>
    <File Path="$PPRDIR/imports/PipeTest.lua"/>
    <Config>
      <Option Name="DesignMode" Val="RTL"/>
      <Option Name="TopModule" Val="pipetest_wrapper"/>
    </Config>
  </FileSet>
  <FileSet Name="constrs_in" Type="Constrs" RelSrcDir="$PSRCDIR/constrs_1">
    <Filter Type="Constrs"/>
    <Config>
      <Option Name="ConstrsType" Val="XDC"/>
    </Config>
  </FileSet>
  <FileSet Name="utils" Type="Utils" RelSrcDir="$PSRCDIR/utils_1">
    <Filter Type="Utils"/>
    <Config>
      <Option Name="TopAutoSet" Val="TRUE"/>
    </Config>
  </FileSet>
  <Strategy Version="1" Minor="2">
    <StratHandle Name="Vivado Implementation Defaults" Flow="Vivado Implementation 2020"/>
    <Step Id="init_design"/>
    <Step Id="opt_design"/>
    <Step Id="power_opt_design"/>
    <Step Id="place_design"/>
    <Step Id="post_place_power_opt_design"/>
    <Step Id="phys_opt_design"/>
    <Step Id="route_design"/>
    <Step Id="post_route_phys_opt_design"/>
    <Step Id="write_bitstream"/>
  </Strategy>
  <BlockFileSet Type="BlockSrcs" Name="pipetest_pipe_in_check_0"/>
  <BlockFileSet Type="BlockSrcs" Name="pipetest_leds_pipetest_0"/>
  <BlockFileSet Type="BlockSrcs" Name="pipetest_frontpanel_0_2"/>
</GenRun>
