<?xml version="1.0" encoding="UTF-8"?>
<spirit:component xmlns:xilinx="http://www.xilinx.com" xmlns:spirit="http://www.spiritconsortium.org/XMLSchema/SPIRIT/1685-2009" xmlns:xsi="http://www.w3.org/2001/XMLSchema-instance">
  <spirit:vendor>opalkelly.com</spirit:vendor>
  <spirit:library>ip</spirit:library>
  <spirit:name>leds</spirit:name>
  <spirit:version>1.0</spirit:version>
  <spirit:busInterfaces>
    <spirit:busInterface>
      <spirit:name>led_out</spirit:name>
      <spirit:displayName>led_out</spirit:displayName>
      <spirit:busType spirit:vendor="opalkelly.com" spirit:library="interface" spirit:name="led" spirit:version="1.0"/>
      <spirit:abstractionType spirit:vendor="opalkelly.com" spirit:library="interface" spirit:name="led_rtl" spirit:version="1.0"/>
      <spirit:master/>
      <spirit:connectionRequired>true</spirit:connectionRequired>
      <spirit:portMaps>
        <spirit:portMap>
          <spirit:logicalPort>
            <spirit:name>LED_OUT</spirit:name>
          </spirit:logicalPort>
          <spirit:physicalPort>
            <spirit:name>led_out</spirit:name>
          </spirit:physicalPort>
        </spirit:portMap>
      </spirit:portMaps>
      <spirit:parameters>
        <spirit:parameter>
          <spirit:name>BOARD.ASSOCIATED_PARAM</spirit:name>
          <spirit:value spirit:id="BUSIFPARAM_VALUE.LED_OUT.BOARD.ASSOCIATED_PARAM">LED_OUT_BOARD_INTERFACE</spirit:value>
        </spirit:parameter>
      </spirit:parameters>
      <spirit:vendorExtensions>
        <xilinx:busInterfaceInfo>
          <xilinx:enablement>
            <xilinx:isEnabled xilinx:resolve="dependent" xilinx:id="BUSIF_ENABLEMENT.led_out" xilinx:dependency="($PARAM_VALUE.DRIVERTYPE != 'tristate')">false</xilinx:isEnabled>
          </xilinx:enablement>
        </xilinx:busInterfaceInfo>
      </spirit:vendorExtensions>
    </spirit:busInterface>
    <spirit:busInterface>
      <spirit:name>led_out_tristate</spirit:name>
      <spirit:displayName>led_out_tristate</spirit:displayName>
      <spirit:busType spirit:vendor="opalkelly.com" spirit:library="interface" spirit:name="led_tristate" spirit:version="1.0"/>
      <spirit:abstractionType spirit:vendor="opalkelly.com" spirit:library="interface" spirit:name="led_tristate_rtl" spirit:version="1.0"/>
      <spirit:master/>
      <spirit:connectionRequired>true</spirit:connectionRequired>
      <spirit:portMaps>
        <spirit:portMap>
          <spirit:logicalPort>
            <spirit:name>LED_OUT_TRISTATE</spirit:name>
          </spirit:logicalPort>
          <spirit:physicalPort>
            <spirit:name>led_out_tristate</spirit:name>
          </spirit:physicalPort>
        </spirit:portMap>
      </spirit:portMaps>
      <spirit:parameters>
        <spirit:parameter>
          <spirit:name>BOARD.ASSOCIATED_PARAM</spirit:name>
          <spirit:value spirit:id="BUSIFPARAM_VALUE.LED_OUT_TRISTATE.BOARD.ASSOCIATED_PARAM">LED_OUT_TRISTATE_BOARD_INTERFACE</spirit:value>
        </spirit:parameter>
      </spirit:parameters>
      <spirit:vendorExtensions>
        <xilinx:busInterfaceInfo>
          <xilinx:enablement>
            <xilinx:isEnabled xilinx:resolve="dependent" xilinx:id="BUSIF_ENABLEMENT.led_out_tristate" xilinx:dependency="($PARAM_VALUE.DRIVERTYPE == 'tristate')">false</xilinx:isEnabled>
          </xilinx:enablement>
        </xilinx:busInterfaceInfo>
      </spirit:vendorExtensions>
    </spirit:busInterface>
  </spirit:busInterfaces>
  <spirit:model>
    <spirit:views>
      <spirit:view>
        <spirit:name>xilinx_anylanguagesynthesiswrapper</spirit:name>
        <spirit:displayName>Synthesis Wrapper</spirit:displayName>
        <spirit:envIdentifier>:vivado.xilinx.com:synthesis.wrapper</spirit:envIdentifier>
        <spirit:modelName>led</spirit:modelName>
        <spirit:fileSetRef>
          <spirit:localName>xilinx_anylanguagesynthesiswrapper_view_fileset</spirit:localName>
        </spirit:fileSetRef>
      </spirit:view>
      <spirit:view>
        <spirit:name>xilinx_anylanguagesynthesis</spirit:name>
        <spirit:displayName>Synthesis</spirit:displayName>
        <spirit:envIdentifier>:vivado.xilinx.com:synthesis</spirit:envIdentifier>
        <spirit:language>Verilog</spirit:language>
        <spirit:modelName>led</spirit:modelName>
        <spirit:fileSetRef>
          <spirit:localName>xilinx_anylanguagesynthesis_view_fileset</spirit:localName>
        </spirit:fileSetRef>
      </spirit:view>
      <spirit:view>
        <spirit:name>xilinx_xpgui</spirit:name>
        <spirit:displayName>UI Layout</spirit:displayName>
        <spirit:envIdentifier>:vivado.xilinx.com:xgui.ui</spirit:envIdentifier>
        <spirit:fileSetRef>
          <spirit:localName>xilinx_xpgui_view_fileset</spirit:localName>
        </spirit:fileSetRef>
      </spirit:view>
      <spirit:view>
        <spirit:name>xilinx_implementation</spirit:name>
        <spirit:displayName>Implementation</spirit:displayName>
        <spirit:envIdentifier>:vivado.xilinx.com:implementation</spirit:envIdentifier>
        <spirit:fileSetRef>
          <spirit:localName>xilinx_implementation_view_fileset</spirit:localName>
        </spirit:fileSetRef>
      </spirit:view>
      <spirit:view>
        <spirit:name>xilinx_productguide</spirit:name>
        <spirit:displayName>Product Guide</spirit:displayName>
        <spirit:envIdentifier>:vivado.xilinx.com:docs.productguide</spirit:envIdentifier>
        <spirit:fileSetRef>
          <spirit:localName>xilinx_productguide_view_fileset</spirit:localName>
        </spirit:fileSetRef>
      </spirit:view>
      <spirit:view>
        <spirit:name>xilinx_versioninformation</spirit:name>
        <spirit:displayName>Version Information</spirit:displayName>
        <spirit:envIdentifier>:vivado.xilinx.com:docs.versioninfo</spirit:envIdentifier>
        <spirit:fileSetRef>
          <spirit:localName>xilinx_versioninformation_view_fileset</spirit:localName>
        </spirit:fileSetRef>
      </spirit:view>
      <spirit:view>
        <spirit:name>xilinx_utilityxitfiles</spirit:name>
        <spirit:displayName>Utility XIT/TTCL</spirit:displayName>
        <spirit:envIdentifier>:vivado.xilinx.com:xit.util</spirit:envIdentifier>
        <spirit:fileSetRef>
          <spirit:localName>xilinx_utilityxitfiles_view_fileset</spirit:localName>
        </spirit:fileSetRef>
      </spirit:view>
    </spirit:views>
    <spirit:ports>
      <spirit:port>
        <spirit:name>led_in</spirit:name>
        <spirit:wire>
          <spirit:direction>in</spirit:direction>
          <spirit:vector>
            <spirit:left spirit:format="long" spirit:resolve="dependent" spirit:dependency="(spirit:decode(id(&apos;PARAM_VALUE.WIDTH&apos;)) - 1)">0</spirit:left>
            <spirit:right spirit:format="long">0</spirit:right>
          </spirit:vector>
          <spirit:wireTypeDefs>
            <spirit:wireTypeDef>
              <spirit:typeName>wire</spirit:typeName>
              <spirit:viewNameRef>xilinx_anylanguagesynthesis</spirit:viewNameRef>
            </spirit:wireTypeDef>
          </spirit:wireTypeDefs>
          <spirit:driver>
            <spirit:defaultValue spirit:format="long">0</spirit:defaultValue>
          </spirit:driver>
        </spirit:wire>
      </spirit:port>
      <spirit:port>
        <spirit:name>led_out</spirit:name>
        <spirit:wire>
          <spirit:direction>out</spirit:direction>
          <spirit:vector>
            <spirit:left spirit:format="long" spirit:resolve="dependent" spirit:dependency="(spirit:decode(id(&apos;PARAM_VALUE.WIDTH&apos;)) - 1)">0</spirit:left>
            <spirit:right spirit:format="long">0</spirit:right>
          </spirit:vector>
          <spirit:wireTypeDefs>
            <spirit:wireTypeDef>
              <spirit:typeName>wire</spirit:typeName>
              <spirit:viewNameRef>xilinx_anylanguagesynthesis</spirit:viewNameRef>
            </spirit:wireTypeDef>
          </spirit:wireTypeDefs>
        </spirit:wire>
      </spirit:port>
      <spirit:port>
        <spirit:name>led_out_tristate</spirit:name>
        <spirit:wire>
          <spirit:direction>inout</spirit:direction>
          <spirit:vector>
            <spirit:left spirit:format="long" spirit:resolve="dependent" spirit:dependency="(spirit:decode(id(&apos;PARAM_VALUE.WIDTH&apos;)) - 1)">0</spirit:left>
            <spirit:right spirit:format="long">0</spirit:right>
          </spirit:vector>
          <spirit:wireTypeDefs>
            <spirit:wireTypeDef>
              <spirit:typeName>wire</spirit:typeName>
              <spirit:viewNameRef>xilinx_anylanguagesynthesis</spirit:viewNameRef>
            </spirit:wireTypeDef>
          </spirit:wireTypeDefs>
        </spirit:wire>
      </spirit:port>
    </spirit:ports>
  </spirit:model>
  <spirit:choices>
    <spirit:choice>
      <spirit:name>choice_list_8cb6d229</spirit:name>
      <spirit:enumeration>Select Board</spirit:enumeration>
    </spirit:choice>
    <spirit:choice>
      <spirit:name>choice_list_ac75ef1e</spirit:name>
      <spirit:enumeration>Custom</spirit:enumeration>
    </spirit:choice>
    <spirit:choice>
      <spirit:name>choice_list_ae913adc</spirit:name>
      <spirit:enumeration>standard</spirit:enumeration>
      <spirit:enumeration>inverted</spirit:enumeration>
      <spirit:enumeration>tristate</spirit:enumeration>
    </spirit:choice>
    <spirit:choice>
      <spirit:name>choice_list_ce5a5c18</spirit:name>
      <spirit:enumeration>LVCMOS12</spirit:enumeration>
      <spirit:enumeration>LVCMOS15</spirit:enumeration>
      <spirit:enumeration>LVCMOS18</spirit:enumeration>
      <spirit:enumeration>LVCMOS25</spirit:enumeration>
      <spirit:enumeration>LVCMOS33</spirit:enumeration>
    </spirit:choice>
  </spirit:choices>
  <spirit:fileSets>
    <spirit:fileSet>
      <spirit:name>xilinx_anylanguagesynthesiswrapper_view_fileset</spirit:name>
      <spirit:file>
        <spirit:name>gateware/core_top_v.ttcl</spirit:name>
        <spirit:userFileType>ttcl</spirit:userFileType>
      </spirit:file>
    </spirit:fileSet>
    <spirit:fileSet>
      <spirit:name>xilinx_anylanguagesynthesis_view_fileset</spirit:name>
      <spirit:file>
        <spirit:name>gateware/driver_v.ttcl</spirit:name>
        <spirit:userFileType>ttcl</spirit:userFileType>
      </spirit:file>
      <spirit:file>
        <spirit:name>gateware/constraints/xem7305_xdc.ttcl</spirit:name>
        <spirit:userFileType>ttcl</spirit:userFileType>
      </spirit:file>
      <spirit:file>
        <spirit:name>gateware/constraints/xem7310_xdc.ttcl</spirit:name>
        <spirit:userFileType>ttcl</spirit:userFileType>
      </spirit:file>
      <spirit:file>
        <spirit:name>gateware/constraints/xem7320_xdc.ttcl</spirit:name>
        <spirit:userFileType>ttcl</spirit:userFileType>
      </spirit:file>
      <spirit:file>
        <spirit:name>gateware/constraints/xem7350_xdc.ttcl</spirit:name>
        <spirit:userFileType>ttcl</spirit:userFileType>
      </spirit:file>
      <spirit:file>
        <spirit:name>gateware/constraints/xem7360_xdc.ttcl</spirit:name>
        <spirit:userFileType>ttcl</spirit:userFileType>
      </spirit:file>
      <spirit:file>
        <spirit:name>gateware/constraints/xem8310_xdc.ttcl</spirit:name>
        <spirit:userFileType>ttcl</spirit:userFileType>
      </spirit:file>
      <spirit:file>
        <spirit:name>gateware/constraints/xem8320_xdc.ttcl</spirit:name>
        <spirit:userFileType>ttcl</spirit:userFileType>
      </spirit:file>
      <spirit:file>
        <spirit:name>gateware/constraints/xem8350_xdc.ttcl</spirit:name>
        <spirit:userFileType>ttcl</spirit:userFileType>
      </spirit:file>
    </spirit:fileSet>
    <spirit:fileSet>
      <spirit:name>xilinx_xpgui_view_fileset</spirit:name>
      <spirit:file>
        <spirit:name>xgui/led.tcl</spirit:name>
        <spirit:fileType>tclSource</spirit:fileType>
        <spirit:userFileType>XGUI_VERSION_2</spirit:userFileType>
      </spirit:file>
    </spirit:fileSet>
    <spirit:fileSet>
      <spirit:name>xilinx_implementation_view_fileset</spirit:name>
      <spirit:file>
        <spirit:name>utils/board/board.xit</spirit:name>
        <spirit:userFileType>xit</spirit:userFileType>
        <spirit:userFileType>USED_IN_board</spirit:userFileType>
        <spirit:userFileType>USED_IN_implementation</spirit:userFileType>
        <spirit:userFileType>USED_IN_synthesis</spirit:userFileType>
      </spirit:file>
    </spirit:fileSet>
    <spirit:fileSet>
      <spirit:name>xilinx_productguide_view_fileset</spirit:name>
      <spirit:file>
        <spirit:name>https://docs.opalkelly.com/</spirit:name>
        <spirit:fileType>unknown</spirit:fileType>
      </spirit:file>
    </spirit:fileSet>
    <spirit:fileSet>
      <spirit:name>xilinx_versioninformation_view_fileset</spirit:name>
      <spirit:file>
        <spirit:name>doc/led_changelog.txt</spirit:name>
        <spirit:userFileType>text</spirit:userFileType>
      </spirit:file>
    </spirit:fileSet>
    <spirit:fileSet>
      <spirit:name>xilinx_utilityxitfiles_view_fileset</spirit:name>
      <spirit:file>
        <spirit:name>xgui/led_struct.tcl</spirit:name>
        <spirit:fileType>tclSource</spirit:fileType>
      </spirit:file>
      <spirit:file>
        <spirit:name>gateware/variables.ttcl</spirit:name>
        <spirit:userFileType>ttcl</spirit:userFileType>
      </spirit:file>
      <spirit:file>
        <spirit:name>gateware/copyright.ttcl</spirit:name>
        <spirit:userFileType>ttcl</spirit:userFileType>
      </spirit:file>
    </spirit:fileSet>
  </spirit:fileSets>
  <spirit:description>LED IP to interface with LEDs on Opal Kelly products</spirit:description>
  <spirit:parameters>
    <spirit:parameter>
      <spirit:name>Component_Name</spirit:name>
      <spirit:value spirit:resolve="user" spirit:id="PARAM_VALUE.Component_Name" spirit:order="1">led</spirit:value>
    </spirit:parameter>
    <spirit:parameter>
      <spirit:name>WIDTH</spirit:name>
      <spirit:value spirit:format="long" spirit:resolve="user" spirit:id="PARAM_VALUE.WIDTH">1</spirit:value>
    </spirit:parameter>
    <spirit:parameter>
      <spirit:name>LED_OUT_BOARD_INTERFACE</spirit:name>
      <spirit:value spirit:resolve="user" spirit:id="PARAM_VALUE.LED_OUT_BOARD_INTERFACE" spirit:choiceRef="choice_list_ac75ef1e">Custom</spirit:value>
    </spirit:parameter>
    <spirit:parameter>
      <spirit:name>LED_OUT_TRISTATE_BOARD_INTERFACE</spirit:name>
      <spirit:value spirit:resolve="user" spirit:id="PARAM_VALUE.LED_OUT_TRISTATE_BOARD_INTERFACE" spirit:choiceRef="choice_list_ac75ef1e">Custom</spirit:value>
    </spirit:parameter>
    <spirit:parameter>
      <spirit:name>BOARD</spirit:name>
      <spirit:displayName>Opal Kelly Board:</spirit:displayName>
      <spirit:value spirit:resolve="user" spirit:id="PARAM_VALUE.BOARD" spirit:choiceRef="choice_list_8cb6d229">Select Board</spirit:value>
    </spirit:parameter>
    <spirit:parameter>
      <spirit:name>DRIVERTYPE</spirit:name>
      <spirit:value spirit:resolve="user" spirit:id="PARAM_VALUE.DRIVERTYPE" spirit:choiceRef="choice_list_ae913adc">standard</spirit:value>
    </spirit:parameter>
    <spirit:parameter>
      <spirit:name>IOSTANDARD</spirit:name>
      <spirit:displayName>LED IOSTANDARD:</spirit:displayName>
      <spirit:value spirit:resolve="user" spirit:id="PARAM_VALUE.IOSTANDARD" spirit:choiceRef="choice_list_ce5a5c18">LVCMOS12</spirit:value>
    </spirit:parameter>
  </spirit:parameters>
  <spirit:vendorExtensions>
    <xilinx:coreExtensions>
      <xilinx:supportedFamilies>
        <xilinx:family xilinx:lifeCycle="Production">spartan7</xilinx:family>
        <xilinx:family xilinx:lifeCycle="Production">kintex7</xilinx:family>
        <xilinx:family xilinx:lifeCycle="Production">kintex7l</xilinx:family>
        <xilinx:family xilinx:lifeCycle="Production">qkintex7</xilinx:family>
        <xilinx:family xilinx:lifeCycle="Production">qkintex7l</xilinx:family>
        <xilinx:family xilinx:lifeCycle="Production">akintex7</xilinx:family>
        <xilinx:family xilinx:lifeCycle="Production">artix7</xilinx:family>
        <xilinx:family xilinx:lifeCycle="Production">artix7l</xilinx:family>
        <xilinx:family xilinx:lifeCycle="Production">aartix7</xilinx:family>
        <xilinx:family xilinx:lifeCycle="Production">qartix7</xilinx:family>
        <xilinx:family xilinx:lifeCycle="Production">kintexuplus</xilinx:family>
        <xilinx:family xilinx:lifeCycle="Production">artixuplus</xilinx:family>
        <xilinx:family xilinx:lifeCycle="Production">zynquplus</xilinx:family>
        <xilinx:family xilinx:lifeCycle="Production">kintexu</xilinx:family>
      </xilinx:supportedFamilies>
      <xilinx:taxonomies>
        <xilinx:taxonomy>/Opal Kelly Incorporated/Utilities</xilinx:taxonomy>
      </xilinx:taxonomies>
      <xilinx:displayName>LEDs</xilinx:displayName>
      <xilinx:definitionSource>package_project</xilinx:definitionSource>
      <xilinx:coreRevision>1</xilinx:coreRevision>
      <xilinx:coreCreationDateTime>2022-10-12T00:23:18Z</xilinx:coreCreationDateTime>
    </xilinx:coreExtensions>
  </spirit:vendorExtensions>
</spirit:component>
