<?xml version="1.0" encoding="UTF-8"?>
<GenRun Id="cryosar1_FPGARTL_ramwriter_0_0_synth_1" LaunchPart="xc7a75tfgg484-1" LaunchTime="1672786187">
  <File Type="VDS-TIMINGSUMMARY" Name="cryosar1_FPGARTL_ramwriter_0_0_timing_summary_synth.rpt"/>
  <File Type="RDS-DCP" Name="cryosar1_FPGARTL_ramwriter_0_0.dcp"/>
  <File Type="RDS-UTIL-PB" Name="cryosar1_FPGARTL_ramwriter_0_0_utilization_synth.pb"/>
  <File Type="RDS-UTIL" Name="cryosar1_FPGARTL_ramwriter_0_0_utilization_synth.rpt"/>
  <File Type="VDS-TIMING-PB" Name="cryosar1_FPGARTL_ramwriter_0_0_timing_summary_synth.pb"/>
  <File Type="PA-TCL" Name="cryosar1_FPGARTL_ramwriter_0_0.tcl"/>
  <File Type="REPORTS-TCL" Name="cryosar1_FPGARTL_ramwriter_0_0_reports.tcl"/>
  <File Type="RDS-RDS" Name="cryosar1_FPGARTL_ramwriter_0_0.vds"/>
  <File Type="RDS-PROPCONSTRS" Name="cryosar1_FPGARTL_ramwriter_0_0_drc_synth.rpt"/>
  <FileSet Name="sources" Type="BlockSrcs" RelSrcDir="$PSRCDIR/cryosar1_FPGARTL_ramwriter_0_0">
    <File Path="$PSRCDIR/sources_1/bd/cryosar1_FPGARTL/ip/cryosar1_FPGARTL_ramwriter_0_0/cryosar1_FPGARTL_ramwriter_0_0.xci">
      <FileInfo>
        <Attr Name="ImportPath" Val="$PPRDIR/../cryosar1_FPGARTL/cryosar1_FPGARTL.srcs/sources_1/bd/cryosar1_FPGARTL/ip/cryosar1_FPGARTL_ramwriter_0_0/cryosar1_FPGARTL_ramwriter_0_0.xci"/>
        <Attr Name="ImportTime" Val="1672793358"/>
        <Attr Name="UsedIn" Val="synthesis"/>
        <Attr Name="UsedIn" Val="implementation"/>
        <Attr Name="UsedIn" Val="simulation"/>
      </FileInfo>
    </File>
    <Config>
      <Option Name="TopModule" Val="cryosar1_FPGARTL_ramwriter_0_0"/>
      <Option Name="UseBlackboxStub" Val="1"/>
    </Config>
  </FileSet>
  <FileSet Name="constrs_in" Type="BlockSrcs" RelSrcDir="$PSRCDIR/cryosar1_FPGARTL_ramwriter_0_0">
    <File Path="$PSRCDIR/sources_1/bd/cryosar1_FPGARTL/ip/cryosar1_FPGARTL_ramwriter_0_0/cryosar1_FPGARTL_ramwriter_0_0.xci">
      <FileInfo>
        <Attr Name="ImportPath" Val="$PPRDIR/../cryosar1_FPGARTL/cryosar1_FPGARTL.srcs/sources_1/bd/cryosar1_FPGARTL/ip/cryosar1_FPGARTL_ramwriter_0_0/cryosar1_FPGARTL_ramwriter_0_0.xci"/>
        <Attr Name="ImportTime" Val="1672793358"/>
        <Attr Name="UsedIn" Val="synthesis"/>
        <Attr Name="UsedIn" Val="implementation"/>
        <Attr Name="UsedIn" Val="simulation"/>
      </FileInfo>
    </File>
    <Config>
      <Option Name="TopModule" Val="cryosar1_FPGARTL_ramwriter_0_0"/>
      <Option Name="UseBlackboxStub" Val="1"/>
    </Config>
  </FileSet>
  <FileSet Name="utils" Type="Utils" RelSrcDir="$PSRCDIR/utils_1">
    <Filter Type="Utils"/>
    <File Path="$PSRCDIR/utils_1/imports/synth_1/cryosar1_FPGARTL_wrapper.dcp">
      <FileInfo>
        <Attr Name="ImportPath" Val="$PPRDIR/../cryosar1_FPGARTL/cryosar1_FPGARTL.srcs/utils_1/imports/synth_1/cryosar1_FPGARTL_wrapper.dcp"/>
        <Attr Name="ImportTime" Val="1672793034"/>
        <Attr Name="UsedIn" Val="synthesis"/>
        <Attr Name="UsedIn" Val="implementation"/>
        <Attr Name="UsedInSteps" Val="synth_1"/>
        <Attr Name="AutoDcp" Val="1"/>
      </FileInfo>
    </File>
    <Config>
      <Option Name="TopAutoSet" Val="TRUE"/>
    </Config>
  </FileSet>
  <Strategy Version="1" Minor="2">
    <StratHandle Name="Vivado Synthesis Defaults" Flow="Vivado Synthesis 2022">
      <Desc>Vivado Synthesis Defaults</Desc>
    </StratHandle>
    <Step Id="synth_design"/>
  </Strategy>
</GenRun>
