<?xml version="1.0"?>
<Runs Version="1" Minor="0">
	<Run Id="cryosar1_FPGARTL_fifo_generator_0_0_synth_1" LaunchDir="/DATA_PROTON/data/rayxu/xilinx_play/RBFIFO/RBFIFO.runs/cryosar1_FPGARTL_fifo_generator_0_0_synth_1" FlowId="Vivado_Synthesis" FromStepId="vivado" ToStepId="vivado"/>
	<Run Id="synth_1" LaunchDir="/DATA_PROTON/data/rayxu/xilinx_play/RBFIFO/RBFIFO.runs/synth_1" FlowId="Vivado_Synthesis" FromStepId="vivado" ToStepId="vivado">
		<Parent Id="cryosar1_FPGARTL_fifo_generator_0_0_synth_1"/>
	</Run>
	<Parameters>
		<Parameter Name="runs.monitorLSFJobs" Val="true" Type="bool"/>
		<Parameter Name="runs.enableClusterConf" Val="true" Type="bool"/>
	</Parameters>
</Runs>

