<?xml version="1.0" encoding="UTF-8"?>
<GenRun Id="synth_1" LaunchPart="xc7a75tfgg484-1" LaunchTime="1672806461" LaunchIncrCheckpoint="$PSRCDIR/utils_1/imports/synth_1/cryosar1_FPGARTL_wrapper.dcp">
  <File Type="VDS-TIMINGSUMMARY" Name="cryosar1_FPGARTL_wrapper_timing_summary_synth.rpt"/>
  <File Type="RDS-DCP" Name="cryosar1_FPGARTL_wrapper.dcp"/>
  <File Type="RDS-UTIL-PB" Name="cryosar1_FPGARTL_wrapper_utilization_synth.pb"/>
  <File Type="RDS-UTIL" Name="cryosar1_FPGARTL_wrapper_utilization_synth.rpt"/>
  <File Type="RDS-PROPCONSTRS" Name="cryosar1_FPGARTL_wrapper_drc_synth.rpt"/>
  <File Type="RDS-RDS" Name="cryosar1_FPGARTL_wrapper.vds"/>
  <File Type="REPORTS-TCL" Name="cryosar1_FPGARTL_wrapper_reports.tcl"/>
  <File Type="VDS-TIMING-PB" Name="cryosar1_FPGARTL_wrapper_timing_summary_synth.pb"/>
  <File Type="PA-TCL" Name="cryosar1_FPGARTL_wrapper.tcl"/>
  <FileSet Name="sources" Type="DesignSrcs" RelSrcDir="$PSRCDIR/sources_1" RelGenDir="$PGENDIR/sources_1">
    <Filter Type="Srcs"/>
    <File Path="$PSRCDIR/sources_1/new/ramwriter.v">
      <FileInfo>
        <Attr Name="ImportPath" Val="$PPRDIR/../cryosar1_FPGARTL/cryosar1_FPGARTL.srcs/sources_1/new/ramwriter.v"/>
        <Attr Name="ImportTime" Val="1672786168"/>
        <Attr Name="UsedIn" Val="synthesis"/>
        <Attr Name="UsedIn" Val="implementation"/>
        <Attr Name="UsedIn" Val="simulation"/>
      </FileInfo>
    </File>
    <File Path="$PSRCDIR/sources_1/bd/cryosar1_FPGARTL/cryosar1_FPGARTL.bd">
      <FileInfo>
        <Attr Name="ImportPath" Val="$PPRDIR/../cryosar1_FPGARTL/cryosar1_FPGARTL.srcs/sources_1/bd/cryosar1_FPGARTL/cryosar1_FPGARTL.bd"/>
        <Attr Name="ImportTime" Val="1672793358"/>
        <Attr Name="UsedIn" Val="synthesis"/>
        <Attr Name="UsedIn" Val="implementation"/>
        <Attr Name="UsedIn" Val="simulation"/>
      </FileInfo>
    </File>
    <File Path="$PSRCDIR/sources_1/imports/cryosar1_FPGARTL_wrapper.v">
      <FileInfo>
        <Attr Name="ImportPath" Val="$PPRDIR/../cryosar1_FPGARTL/cryosar1_FPGARTL.gen/sources_1/bd/cryosar1_FPGARTL/hdl/cryosar1_FPGARTL_wrapper.v"/>
        <Attr Name="ImportTime" Val="1672792984"/>
        <Attr Name="UsedIn" Val="synthesis"/>
        <Attr Name="UsedIn" Val="implementation"/>
        <Attr Name="UsedIn" Val="simulation"/>
      </FileInfo>
    </File>
    <Config>
      <Option Name="DesignMode" Val="RTL"/>
      <Option Name="TopModule" Val="cryosar1_FPGARTL_wrapper"/>
      <Option Name="TopAutoSet" Val="TRUE"/>
    </Config>
  </FileSet>
  <FileSet Name="constrs_in" Type="Constrs" RelSrcDir="$PSRCDIR/constrs_1">
    <Filter Type="Constrs"/>
    <Config>
      <Option Name="ConstrsType" Val="XDC"/>
    </Config>
  </FileSet>
  <FileSet Name="utils" Type="Utils" RelSrcDir="$PSRCDIR/utils_1">
    <Filter Type="Utils"/>
    <File Path="$PSRCDIR/utils_1/imports/synth_1/cryosar1_FPGARTL_wrapper.dcp">
      <FileInfo>
        <Attr Name="ImportPath" Val="$PPRDIR/../cryosar1_FPGARTL/cryosar1_FPGARTL.srcs/utils_1/imports/synth_1/cryosar1_FPGARTL_wrapper.dcp"/>
        <Attr Name="ImportTime" Val="1672793034"/>
        <Attr Name="UsedIn" Val="synthesis"/>
        <Attr Name="UsedIn" Val="implementation"/>
        <Attr Name="UsedInSteps" Val="synth_1"/>
        <Attr Name="AutoDcp" Val="1"/>
      </FileInfo>
    </File>
    <Config>
      <Option Name="TopAutoSet" Val="TRUE"/>
    </Config>
  </FileSet>
  <Strategy Version="1" Minor="2">
    <StratHandle Name="Vivado Synthesis Defaults" Flow="Vivado Synthesis 2022"/>
    <Step Id="synth_design"/>
  </Strategy>
  <BlockFileSet Type="BlockSrcs" Name="cryosar1_FPGARTL_fifo_generator_0_0"/>
  <BlockFileSet Type="BlockSrcs" Name="cryosar1_FPGARTL_ramwriter_0_0"/>
  <BlockFileSet Type="BlockSrcs" Name="cryosar1_FPGARTL_frontpanel_0_0"/>
</GenRun>
