<?xml version="1.0" encoding="UTF-8"?>
<spirit:component xmlns:xilinx="http://www.xilinx.com" xmlns:spirit="http://www.spiritconsortium.org/XMLSchema/SPIRIT/1685-2009" xmlns:xsi="http://www.w3.org/2001/XMLSchema-instance">
  <spirit:vendor>opalkelly.com</spirit:vendor>
  <spirit:library>customized_ip</spirit:library>
  <spirit:name>cryosar1_FPGARTL_leds_0_0</spirit:name>
  <spirit:version>1.0</spirit:version>
  <spirit:busInterfaces>
    <spirit:busInterface>
      <spirit:name>led_out</spirit:name>
      <spirit:displayName>led_out</spirit:displayName>
      <spirit:busType spirit:vendor="opalkelly.com" spirit:library="interface" spirit:name="led" spirit:version="1.0"/>
      <spirit:abstractionType spirit:vendor="opalkelly.com" spirit:library="interface" spirit:name="led_rtl" spirit:version="1.0"/>
      <spirit:master/>
      <spirit:connectionRequired>true</spirit:connectionRequired>
      <spirit:portMaps>
        <spirit:portMap>
          <spirit:logicalPort>
            <spirit:name>LED_OUT</spirit:name>
          </spirit:logicalPort>
          <spirit:physicalPort>
            <spirit:name>led_out</spirit:name>
          </spirit:physicalPort>
        </spirit:portMap>
      </spirit:portMaps>
      <spirit:parameters>
        <spirit:parameter>
          <spirit:name>BOARD.ASSOCIATED_PARAM</spirit:name>
          <spirit:value spirit:id="BUSIFPARAM_VALUE.LED_OUT.BOARD.ASSOCIATED_PARAM">LED_OUT_BOARD_INTERFACE</spirit:value>
        </spirit:parameter>
      </spirit:parameters>
      <spirit:vendorExtensions>
        <xilinx:busInterfaceInfo>
          <xilinx:enablement>
            <xilinx:isEnabled xilinx:resolve="dependent" xilinx:id="BUSIF_ENABLEMENT.led_out" xilinx:dependency="($PARAM_VALUE.DRIVERTYPE != &apos;tristate&apos;)">false</xilinx:isEnabled>
          </xilinx:enablement>
        </xilinx:busInterfaceInfo>
      </spirit:vendorExtensions>
    </spirit:busInterface>
    <spirit:busInterface>
      <spirit:name>led_out_tristate</spirit:name>
      <spirit:displayName>led_out_tristate</spirit:displayName>
      <spirit:busType spirit:vendor="opalkelly.com" spirit:library="interface" spirit:name="led_tristate" spirit:version="1.0"/>
      <spirit:abstractionType spirit:vendor="opalkelly.com" spirit:library="interface" spirit:name="led_tristate_rtl" spirit:version="1.0"/>
      <spirit:master/>
      <spirit:connectionRequired>true</spirit:connectionRequired>
      <spirit:portMaps>
        <spirit:portMap>
          <spirit:logicalPort>
            <spirit:name>LED_OUT_TRISTATE</spirit:name>
          </spirit:logicalPort>
          <spirit:physicalPort>
            <spirit:name>led_out_tristate</spirit:name>
          </spirit:physicalPort>
        </spirit:portMap>
      </spirit:portMaps>
      <spirit:parameters>
        <spirit:parameter>
          <spirit:name>BOARD.ASSOCIATED_PARAM</spirit:name>
          <spirit:value spirit:id="BUSIFPARAM_VALUE.LED_OUT_TRISTATE.BOARD.ASSOCIATED_PARAM">LED_OUT_TRISTATE_BOARD_INTERFACE</spirit:value>
        </spirit:parameter>
      </spirit:parameters>
      <spirit:vendorExtensions>
        <xilinx:busInterfaceInfo>
          <xilinx:enablement>
            <xilinx:isEnabled xilinx:resolve="dependent" xilinx:id="BUSIF_ENABLEMENT.led_out_tristate" xilinx:dependency="($PARAM_VALUE.DRIVERTYPE == &apos;tristate&apos;)">true</xilinx:isEnabled>
          </xilinx:enablement>
        </xilinx:busInterfaceInfo>
      </spirit:vendorExtensions>
    </spirit:busInterface>
  </spirit:busInterfaces>
  <spirit:model>
    <spirit:views>
      <spirit:view>
        <spirit:name>xilinx_anylanguagesynthesis</spirit:name>
        <spirit:displayName>Synthesis</spirit:displayName>
        <spirit:envIdentifier>:vivado.xilinx.com:synthesis</spirit:envIdentifier>
        <spirit:modelName>led</spirit:modelName>
        <spirit:fileSetRef>
          <spirit:localName>xilinx_anylanguagesynthesis_view_fileset</spirit:localName>
        </spirit:fileSetRef>
        <spirit:parameters>
          <spirit:parameter>
            <spirit:name>GENtimestamp</spirit:name>
            <spirit:value>Tue Jan 03 21:08:24 UTC 2023</spirit:value>
          </spirit:parameter>
          <spirit:parameter>
            <spirit:name>outputProductCRC</spirit:name>
            <spirit:value>9:78ebae83</spirit:value>
          </spirit:parameter>
        </spirit:parameters>
      </spirit:view>
      <spirit:view>
        <spirit:name>xilinx_synthesisconstraints</spirit:name>
        <spirit:displayName>Synthesis Constraints</spirit:displayName>
        <spirit:envIdentifier>:vivado.xilinx.com:synthesis.constraints</spirit:envIdentifier>
        <spirit:parameters>
          <spirit:parameter>
            <spirit:name>outputProductCRC</spirit:name>
            <spirit:value>9:78ebae83</spirit:value>
          </spirit:parameter>
        </spirit:parameters>
      </spirit:view>
      <spirit:view>
        <spirit:name>xilinx_anylanguagesynthesiswrapper</spirit:name>
        <spirit:displayName>Synthesis Wrapper</spirit:displayName>
        <spirit:envIdentifier>:vivado.xilinx.com:synthesis.wrapper</spirit:envIdentifier>
        <spirit:modelName>cryosar1_FPGARTL_leds_0_0</spirit:modelName>
        <spirit:fileSetRef>
          <spirit:localName>xilinx_anylanguagesynthesiswrapper_view_fileset</spirit:localName>
        </spirit:fileSetRef>
        <spirit:parameters>
          <spirit:parameter>
            <spirit:name>GENtimestamp</spirit:name>
            <spirit:value>Tue Jan 03 21:08:24 UTC 2023</spirit:value>
          </spirit:parameter>
          <spirit:parameter>
            <spirit:name>outputProductCRC</spirit:name>
            <spirit:value>9:78ebae83</spirit:value>
          </spirit:parameter>
        </spirit:parameters>
      </spirit:view>
      <spirit:view>
        <spirit:name>xilinx_implementation</spirit:name>
        <spirit:displayName>Implementation</spirit:displayName>
        <spirit:envIdentifier>:vivado.xilinx.com:implementation</spirit:envIdentifier>
        <spirit:fileSetRef>
          <spirit:localName>xilinx_implementation_view_fileset</spirit:localName>
        </spirit:fileSetRef>
        <spirit:parameters>
          <spirit:parameter>
            <spirit:name>GENtimestamp</spirit:name>
            <spirit:value>Tue Jan 03 21:08:24 UTC 2023</spirit:value>
          </spirit:parameter>
          <spirit:parameter>
            <spirit:name>outputProductCRC</spirit:name>
            <spirit:value>9:78ebae83</spirit:value>
          </spirit:parameter>
        </spirit:parameters>
      </spirit:view>
      <spirit:view>
        <spirit:name>xilinx_externalfiles</spirit:name>
        <spirit:displayName>External Files</spirit:displayName>
        <spirit:envIdentifier>:vivado.xilinx.com:external.files</spirit:envIdentifier>
        <spirit:fileSetRef>
          <spirit:localName>xilinx_externalfiles_view_fileset</spirit:localName>
        </spirit:fileSetRef>
        <spirit:parameters>
          <spirit:parameter>
            <spirit:name>GENtimestamp</spirit:name>
            <spirit:value>Tue Jan 03 21:08:32 UTC 2023</spirit:value>
          </spirit:parameter>
          <spirit:parameter>
            <spirit:name>outputProductCRC</spirit:name>
            <spirit:value>9:78ebae83</spirit:value>
          </spirit:parameter>
        </spirit:parameters>
      </spirit:view>
    </spirit:views>
    <spirit:ports>
      <spirit:port>
        <spirit:name>led_in</spirit:name>
        <spirit:wire>
          <spirit:direction>in</spirit:direction>
          <spirit:vector>
            <spirit:left spirit:format="long" spirit:resolve="dependent" spirit:dependency="(spirit:decode(id(&apos;PARAM_VALUE.WIDTH&apos;)) - 1)">7</spirit:left>
            <spirit:right spirit:format="long">0</spirit:right>
          </spirit:vector>
          <spirit:wireTypeDefs>
            <spirit:wireTypeDef>
              <spirit:typeName>wire</spirit:typeName>
              <spirit:viewNameRef>xilinx_anylanguagesynthesis</spirit:viewNameRef>
            </spirit:wireTypeDef>
          </spirit:wireTypeDefs>
          <spirit:driver>
            <spirit:defaultValue spirit:format="long">0</spirit:defaultValue>
          </spirit:driver>
        </spirit:wire>
      </spirit:port>
      <spirit:port>
        <spirit:name>led_out</spirit:name>
        <spirit:wire>
          <spirit:direction>out</spirit:direction>
          <spirit:vector>
            <spirit:left spirit:format="long" spirit:resolve="dependent" spirit:dependency="(spirit:decode(id(&apos;PARAM_VALUE.WIDTH&apos;)) - 1)">7</spirit:left>
            <spirit:right spirit:format="long">0</spirit:right>
          </spirit:vector>
          <spirit:wireTypeDefs>
            <spirit:wireTypeDef>
              <spirit:typeName>wire</spirit:typeName>
              <spirit:viewNameRef>xilinx_anylanguagesynthesis</spirit:viewNameRef>
            </spirit:wireTypeDef>
          </spirit:wireTypeDefs>
        </spirit:wire>
        <spirit:vendorExtensions>
          <xilinx:portInfo>
            <xilinx:enablement>
              <xilinx:isEnabled xilinx:id="PORT_ENABLEMENT.led_out">false</xilinx:isEnabled>
            </xilinx:enablement>
          </xilinx:portInfo>
        </spirit:vendorExtensions>
      </spirit:port>
      <spirit:port>
        <spirit:name>led_out_tristate</spirit:name>
        <spirit:wire>
          <spirit:direction>inout</spirit:direction>
          <spirit:vector>
            <spirit:left spirit:format="long" spirit:resolve="dependent" spirit:dependency="(spirit:decode(id(&apos;PARAM_VALUE.WIDTH&apos;)) - 1)">7</spirit:left>
            <spirit:right spirit:format="long">0</spirit:right>
          </spirit:vector>
          <spirit:wireTypeDefs>
            <spirit:wireTypeDef>
              <spirit:typeName>wire</spirit:typeName>
              <spirit:viewNameRef>xilinx_anylanguagesynthesis</spirit:viewNameRef>
            </spirit:wireTypeDef>
          </spirit:wireTypeDefs>
        </spirit:wire>
      </spirit:port>
    </spirit:ports>
  </spirit:model>
  <spirit:choices>
    <spirit:choice>
      <spirit:name>choice_list_57b7e011</spirit:name>
      <spirit:enumeration>Custom</spirit:enumeration>
      <spirit:enumeration>board_leds</spirit:enumeration>
    </spirit:choice>
    <spirit:choice>
      <spirit:name>choice_list_ac75ef1e</spirit:name>
      <spirit:enumeration>Custom</spirit:enumeration>
    </spirit:choice>
    <spirit:choice>
      <spirit:name>choice_list_aef45cce</spirit:name>
      <spirit:enumeration>LVCMOS12</spirit:enumeration>
      <spirit:enumeration>LVCMOS15</spirit:enumeration>
      <spirit:enumeration>LVCMOS18</spirit:enumeration>
      <spirit:enumeration>LVCMOS25</spirit:enumeration>
      <spirit:enumeration>LVCMOS33</spirit:enumeration>
    </spirit:choice>
    <spirit:choice>
      <spirit:name>choice_list_b3859372</spirit:name>
      <spirit:enumeration>Select Board</spirit:enumeration>
      <spirit:enumeration>XEM8320-AU25P</spirit:enumeration>
      <spirit:enumeration>XEM8310-AU25P</spirit:enumeration>
      <spirit:enumeration>XEM8350-KU060</spirit:enumeration>
      <spirit:enumeration>XEM8350-KU060-3E</spirit:enumeration>
      <spirit:enumeration>XEM8350-KU115</spirit:enumeration>
      <spirit:enumeration>XEM7310MT-A75</spirit:enumeration>
      <spirit:enumeration>XEM7310MT-A200</spirit:enumeration>
      <spirit:enumeration>XEM7320-A75</spirit:enumeration>
      <spirit:enumeration>XEM7320-A200</spirit:enumeration>
      <spirit:enumeration>XEM7305-S50</spirit:enumeration>
      <spirit:enumeration>XEM7310-A75</spirit:enumeration>
      <spirit:enumeration>XEM7310-A200</spirit:enumeration>
      <spirit:enumeration>XEM7360-K160T</spirit:enumeration>
      <spirit:enumeration>XEM7360-K160T-3E</spirit:enumeration>
      <spirit:enumeration>XEM7360-K410T</spirit:enumeration>
      <spirit:enumeration>XEM7360-K410T-3E</spirit:enumeration>
      <spirit:enumeration>XEM7350-K70T</spirit:enumeration>
      <spirit:enumeration>XEM7350-K160T</spirit:enumeration>
      <spirit:enumeration>XEM7350-K410T</spirit:enumeration>
      <spirit:enumeration>XEM7350-K410T-3E</spirit:enumeration>
    </spirit:choice>
    <spirit:choice>
      <spirit:name>choice_list_f45cc09f</spirit:name>
      <spirit:enumeration>standard</spirit:enumeration>
      <spirit:enumeration>inverted</spirit:enumeration>
      <spirit:enumeration>tristate</spirit:enumeration>
    </spirit:choice>
  </spirit:choices>
  <spirit:fileSets>
    <spirit:fileSet>
      <spirit:name>xilinx_anylanguagesynthesis_view_fileset</spirit:name>
      <spirit:file>
        <spirit:name>gateware/cryosar1_FPGARTL_leds_0_0_driver.v</spirit:name>
        <spirit:fileType>verilogSource</spirit:fileType>
      </spirit:file>
      <spirit:file>
        <spirit:name>gateware/xem7310.xdc</spirit:name>
        <spirit:userFileType>xdc</spirit:userFileType>
      </spirit:file>
    </spirit:fileSet>
    <spirit:fileSet>
      <spirit:name>xilinx_anylanguagesynthesiswrapper_view_fileset</spirit:name>
      <spirit:file>
        <spirit:name>gateware/cryosar1_FPGARTL_leds_0_0.v</spirit:name>
        <spirit:fileType>verilogSource</spirit:fileType>
      </spirit:file>
    </spirit:fileSet>
    <spirit:fileSet>
      <spirit:name>xilinx_implementation_view_fileset</spirit:name>
      <spirit:file>
        <spirit:name>cryosar1_FPGARTL_leds_0_0_board.xdc</spirit:name>
        <spirit:userFileType>xdc</spirit:userFileType>
        <spirit:userFileType>USED_IN_board</spirit:userFileType>
        <spirit:userFileType>USED_IN_implementation</spirit:userFileType>
        <spirit:userFileType>USED_IN_synthesis</spirit:userFileType>
      </spirit:file>
    </spirit:fileSet>
    <spirit:fileSet>
      <spirit:name>xilinx_externalfiles_view_fileset</spirit:name>
      <spirit:file>
        <spirit:name>cryosar1_FPGARTL_leds_0_0_stub.v</spirit:name>
        <spirit:fileType>verilogSource</spirit:fileType>
        <spirit:userFileType>USED_IN_synth_blackbox_stub</spirit:userFileType>
        <spirit:logicalName>xil_defaultlib</spirit:logicalName>
      </spirit:file>
      <spirit:file>
        <spirit:name>cryosar1_FPGARTL_leds_0_0.dcp</spirit:name>
        <spirit:userFileType>dcp</spirit:userFileType>
        <spirit:userFileType>USED_IN_implementation</spirit:userFileType>
        <spirit:userFileType>USED_IN_synthesis</spirit:userFileType>
        <spirit:logicalName>xil_defaultlib</spirit:logicalName>
      </spirit:file>
      <spirit:file>
        <spirit:name>cryosar1_FPGARTL_leds_0_0_sim_netlist.vhdl</spirit:name>
        <spirit:fileType>vhdlSource</spirit:fileType>
        <spirit:userFileType>USED_IN_simulation</spirit:userFileType>
        <spirit:userFileType>USED_IN_single_language</spirit:userFileType>
        <spirit:logicalName>xil_defaultlib</spirit:logicalName>
      </spirit:file>
      <spirit:file>
        <spirit:name>cryosar1_FPGARTL_leds_0_0_sim_netlist.v</spirit:name>
        <spirit:fileType>verilogSource</spirit:fileType>
        <spirit:userFileType>USED_IN_simulation</spirit:userFileType>
        <spirit:userFileType>USED_IN_single_language</spirit:userFileType>
        <spirit:logicalName>xil_defaultlib</spirit:logicalName>
      </spirit:file>
      <spirit:file>
        <spirit:name>cryosar1_FPGARTL_leds_0_0_stub.vhdl</spirit:name>
        <spirit:fileType>vhdlSource</spirit:fileType>
        <spirit:userFileType>USED_IN_synth_blackbox_stub</spirit:userFileType>
        <spirit:logicalName>xil_defaultlib</spirit:logicalName>
      </spirit:file>
    </spirit:fileSet>
  </spirit:fileSets>
  <spirit:description>LED IP to interface with LEDs on Opal Kelly products</spirit:description>
  <spirit:parameters>
    <spirit:parameter>
      <spirit:name>Component_Name</spirit:name>
      <spirit:value spirit:resolve="user" spirit:id="PARAM_VALUE.Component_Name" spirit:order="1">cryosar1_FPGARTL_leds_0_0</spirit:value>
    </spirit:parameter>
    <spirit:parameter>
      <spirit:name>WIDTH</spirit:name>
      <spirit:value spirit:format="long" spirit:resolve="user" spirit:id="PARAM_VALUE.WIDTH">8</spirit:value>
    </spirit:parameter>
    <spirit:parameter>
      <spirit:name>LED_OUT_BOARD_INTERFACE</spirit:name>
      <spirit:value spirit:resolve="user" spirit:id="PARAM_VALUE.LED_OUT_BOARD_INTERFACE" spirit:choiceRef="choice_list_ac75ef1e">Custom</spirit:value>
    </spirit:parameter>
    <spirit:parameter>
      <spirit:name>LED_OUT_TRISTATE_BOARD_INTERFACE</spirit:name>
      <spirit:value spirit:resolve="user" spirit:id="PARAM_VALUE.LED_OUT_TRISTATE_BOARD_INTERFACE" spirit:choiceRef="choice_list_57b7e011">Custom</spirit:value>
    </spirit:parameter>
    <spirit:parameter>
      <spirit:name>BOARD</spirit:name>
      <spirit:displayName>Opal Kelly Board:</spirit:displayName>
      <spirit:value spirit:resolve="user" spirit:id="PARAM_VALUE.BOARD" spirit:choiceRef="choice_list_b3859372">XEM7310MT-A75</spirit:value>
    </spirit:parameter>
    <spirit:parameter>
      <spirit:name>DRIVERTYPE</spirit:name>
      <spirit:value spirit:resolve="user" spirit:id="PARAM_VALUE.DRIVERTYPE" spirit:choiceRef="choice_list_f45cc09f">tristate</spirit:value>
    </spirit:parameter>
    <spirit:parameter>
      <spirit:name>IOSTANDARD</spirit:name>
      <spirit:displayName>LED IOSTANDARD:</spirit:displayName>
      <spirit:value spirit:resolve="user" spirit:id="PARAM_VALUE.IOSTANDARD" spirit:choiceRef="choice_list_aef45cce">LVCMOS12</spirit:value>
    </spirit:parameter>
  </spirit:parameters>
  <spirit:vendorExtensions>
    <xilinx:coreExtensions>
      <xilinx:displayName>LEDs</xilinx:displayName>
      <xilinx:definitionSource>package_project</xilinx:definitionSource>
      <xilinx:coreRevision>1</xilinx:coreRevision>
      <xilinx:configElementInfos>
        <xilinx:configElementInfo xilinx:referenceId="BUSIFPARAM_VALUE.LED_OUT_TRISTATE.BOARD.ASSOCIATED_PARAM" xilinx:valuePermission="bd"/>
      </xilinx:configElementInfos>
    </xilinx:coreExtensions>
  </spirit:vendorExtensions>
</spirit:component>
